{
	"pattrstorage" : 	{
		"name" : "melody",
		"slots" : 		{
			"1" : 			{
				"id" : 1,
				"data" : 				{
					"HL-Voice-Sequencer::HL-AD-Envelope::ad-envelope" : [ 1000.0, 0.0, 1.0, 0.0, 0.0, 0, 0.0, 32.882011605415862, 1.0, 0, -0.445, 1000.0, 0.0, 0, -0.645, "curve" ],
					"HL-Voice-Sequencer::HL-Pattern-Sequencer::sequence" : [ 0, 6, 5, 4, 6, 5, 4, 5, 6, 5, 4, 6, -1, 4, 5, 4, -1, -1, -1, -1, -1, -1, -1, -1, -1, -1, -1, -1, -1, -1, -1, -1 ],
					"HL-Voice-Sequencer::HL-Pattern-Sequencer::sequence-length" : [ 16 ],
					"HL-Voice-Sequencer[1]::HL-AD-Envelope::ad-envelope" : [ 1000.0, 0.0, 1.0, 0.0, 0.0, 0, 0.0, 13.118300454835962, 1.0, 0, -0.35, 1000.0, 0.0, 0, -0.645, "curve" ],
					"HL-Voice-Sequencer[1]::HL-Pattern-Sequencer::sequence" : [ -1, 11, -1, -1, -1, -1, -1, 10, -1, -1, -1, -1, -1, 8, -1, 9, -1, -1, -1, -1, -1, -1, -1, -1, -1, -1, -1, -1, -1, -1, -1, -1 ],
					"HL-Voice-Sequencer[1]::HL-Pattern-Sequencer::sequence-length" : [ 16 ]
				}

			}
,
			"2" : 			{
				"id" : 2,
				"data" : 				{
					"HL-Voice-Sequencer::HL-AD-Envelope::ad-envelope" : [ 1000.0, 0.0, 1.0, 0.0, 0.0, 0, 0.0, 13.118300454835962, 1.0, 0, -0.35, 1000.0, 0.0, 0, -0.645, "curve" ],
					"HL-Voice-Sequencer::HL-Pattern-Sequencer::sequence" : [ 6, 5, 4, 6, -1, 6, 5, 4, 6, -1, 4, 5, 6, 4, 5, 4, -1, -1, -1, -1, -1, -1, -1, -1, -1, -1, -1, -1, -1, -1, -1, -1 ],
					"HL-Voice-Sequencer::HL-Pattern-Sequencer::sequence-length" : [ 16 ],
					"HL-Voice-Sequencer[1]::HL-AD-Envelope::ad-envelope" : [ 1000.0, 0.0, 1.0, 0.0, 0.0, 0, 0.0, 17.408123791102515, 1.0, 0, -0.35, 822.050290135396494, 0.795927401689383, 0, -0.395, 1000.0, 0.0, 0, 0.555, "curve" ],
					"HL-Voice-Sequencer[1]::HL-Pattern-Sequencer::sequence" : [ 11, -1, -1, -1, -1, -1, 10, -1, -1, -1, -1, -1, 8, -1, 9, -1, -1, -1, -1, -1, -1, -1, -1, -1, -1, -1, -1, -1, -1, -1, -1, -1 ],
					"HL-Voice-Sequencer[1]::HL-Pattern-Sequencer::sequence-length" : [ 16 ]
				}

			}
,
			"3" : 			{
				"id" : 3,
				"data" : 				{
					"HL-Voice-Sequencer::HL-AD-Envelope::ad-envelope" : [ 1000.0, 0.0, 1.0, 0.0, 0.0, 0, 0.0, 13.118300454835962, 1.0, 0, -0.35, 1000.0, 0.0, 0, -0.645, "curve" ],
					"HL-Voice-Sequencer::HL-Pattern-Sequencer::sequence" : [ 7, 11, 7, 11, 15, 0, 14, 0, 15, 0, 14, 0, 15, 0, 14, 0, 15, -1, -1, -1, -1, -1, -1, -1, -1, -1, -1, -1, -1, -1, -1, -1 ],
					"HL-Voice-Sequencer::HL-Pattern-Sequencer::sequence-length" : [ 16 ],
					"HL-Voice-Sequencer[1]::HL-AD-Envelope::ad-envelope" : [ 1000.0, 0.0, 1.0, 0.0, 0.0, 0, 0.0, 17.408123791102515, 1.0, 0, -0.35, 255.319148936170222, 0.657465863227844, 0, -0.395, 1000.0, 0.0, 0, 0.555, "curve" ],
					"HL-Voice-Sequencer[1]::HL-Pattern-Sequencer::sequence" : [ 5, -1, -1, 0, -1, -1, 9, -1, -1, -1, -1, -1, -1, -1, -1, -1, -1, -1, -1, -1, -1, -1, -1, -1, -1, -1, -1, -1, -1, -1, -1, -1 ],
					"HL-Voice-Sequencer[1]::HL-Pattern-Sequencer::sequence-length" : [ 8 ]
				}

			}

		}

	}

}
