{
	"pattrstorage" : 	{
		"name" : "music",
		"slots" : 		{
			"1" : 			{
				"id" : 1,
				"data" : 				{
					"GlobalMixer" : [ 0, 0, 1.0, 0, 1, 1.0, 1, 0, 0.504000000000001, 1, 1, 0.504, 2, 0, 0.788, 2, 1, 0.84, 3, 0, 0.596, 3, 1, 0.592 ],
					"live.gain~" : [ -23.496641963872172 ],
					"HL-voice::global-amplitude" : [ 3.0 ],
					"HL-voice::HL-envelope::envelope" : [ 1.0, 0.0, 1.0, 0.0, 0.0, 0, 0.0, 0.013745704467354, 1.0, 2, -0.6, 1.0, 0.0, 0, 0.695, "curve" ],
					"HL-voice::HL-sequence::octave-select" : [ 3 ],
					"HL-voice::HL-sequence::sequence" : [ 11, -1, 9, -1, -1, -1, -1, -1, 12, -1, 9, -1, -1, -1, -1, -1, 11, -1, 9, -1, -1, -1, -1, -1, 13, -1, 11, -1, 10, 10, 11, -1 ],
					"HL-voice::HL-sequence::sequence-length" : [ 32 ],
					"HL-voice::HL-sequence::sustain" : [ 0, 0, 0.0, 1, 0, 0.0, 2, 0, 0.0, 3, 0, 0.0, 4, 0, 0.0, 5, 0, 0.0, 6, 0, 0.0, 7, 0, 0.0, 8, 0, 0.0, 9, 0, 0.0, 10, 0, 0.0, 11, 0, 0.0, 12, 0, 0.0, 13, 0, 0.0, 14, 0, 0.0, 15, 0, 0.0, 16, 0, 0.0, 17, 0, 0.0, 18, 0, 0.0, 19, 0, 0.0, 20, 0, 0.0, 21, 0, 0.0, 22, 0, 0.0, 23, 0, 0.0, 24, 0, 0.0, 25, 0, 0.0, 26, 0, 0.0, 27, 0, 0.0, 28, 0, 0.0, 29, 0, 0.0, 30, 0, 0.0, 31, 0, 0.0 ],
					"HL-voice::filterselect~::on" : [ 1 ],
					"HL-voice::filterselect~::type" : [ 0 ],
					"HL-voice::waveselect~::waveselect" : [ 4 ],
					"HL-voice[1]::global-amplitude" : [ 3.0 ],
					"HL-voice[1]::HL-envelope::envelope" : [ 1.0, 0.0, 1.0, 0.0, 0.0, 0, 0.0, 0.176975945017182, 1.0, 2, -0.4, 1.0, 0.0, 0, -0.5, "curve" ],
					"HL-voice[1]::HL-sequence::octave-select" : [ 4 ],
					"HL-voice[1]::HL-sequence::sequence" : [ 7, 7, 7, 7, 7, 7, 7, 7, 4, 4, 4, 3, 3, 3, 4, 4, 8, 8, 8, 8, 8, 8, 8, 8, 4, 4, 4, 4, 4, 4, 4, 4 ],
					"HL-voice[1]::HL-sequence::sequence-length" : [ 32 ],
					"HL-voice[1]::HL-sequence::sustain" : [ 0, 0, 1.0, 1, 0, 2.0, 2, 0, 2.0, 3, 0, 2.0, 4, 0, 2.0, 5, 0, 2.0, 6, 0, 2.0, 7, 0, 2.0, 8, 0, 1.0, 9, 0, 2.0, 10, 0, 2.0, 11, 0, 2.0, 12, 0, 2.0, 13, 0, 2.0, 14, 0, 2.0, 15, 0, 2.0, 16, 0, 1.0, 17, 0, 2.0, 18, 0, 2.0, 19, 0, 2.0, 20, 0, 2.0, 21, 0, 2.0, 22, 0, 2.0, 23, 0, 2.0, 24, 0, 1.0, 25, 0, 2.0, 26, 0, 2.0, 27, 0, 3.0, 28, 0, 1.0, 29, 0, 2.0, 30, 0, 2.0, 31, 0, 3.0 ],
					"HL-voice[1]::filterselect~::on" : [ 1 ],
					"HL-voice[1]::filterselect~::type" : [ 1 ],
					"HL-voice[1]::waveselect~::waveselect" : [ 6 ],
					"HL-voice[2]::global-amplitude" : [ 2.0 ],
					"HL-voice[2]::HL-envelope::envelope" : [ 1.0, 0.0, 1.0, 0.0, 0.0, 0, 0.0, 0.012027491408935, 0.911312017073998, 2, -0.6, 1.0, 0.0, 0, 0.2, "curve" ],
					"HL-voice[2]::HL-sequence::octave-select" : [ 2 ],
					"HL-voice[2]::HL-sequence::sequence" : [ 7, 7, 7, 7, 8, 8, 8, 8, 5, 5, 5, 5, 9, 9, 9, 9, -1, -1, -1, -1, -1, -1, -1, -1, -1, -1, -1, -1, -1, -1, -1, -1 ],
					"HL-voice[2]::HL-sequence::sequence-length" : [ 16 ],
					"HL-voice[2]::HL-sequence::sustain" : [ 0, 0, 1.0, 1, 0, 0.0, 2, 0, 0.0, 3, 0, 3.0, 4, 0, 1.0, 5, 0, 0.0, 6, 0, 0.0, 7, 0, 3.0, 8, 0, 1.0, 9, 0, 0.0, 10, 0, 0.0, 11, 0, 3.0, 12, 0, 1.0, 13, 0, 0.0, 14, 0, 0.0, 15, 0, 3.0, 16, 0, 0.0, 17, 0, 0.0, 18, 0, 0.0, 19, 0, 0.0, 20, 0, 0.0, 21, 0, 0.0, 22, 0, 0.0, 23, 0, 0.0, 24, 0, 0.0, 25, 0, 0.0, 26, 0, 0.0, 27, 0, 0.0, 28, 0, 0.0, 29, 0, 0.0, 30, 0, 0.0, 31, 0, 0.0 ],
					"HL-voice[2]::filterselect~::on" : [ 1 ],
					"HL-voice[2]::filterselect~::type" : [ 0 ],
					"HL-voice[2]::waveselect~::waveselect" : [ 2 ]
				}

			}
,
			"2" : 			{
				"id" : 2,
				"data" : 				{
					"GlobalMixer" : [ 0, 0, 1.0, 0, 1, 1.0, 1, 0, 0.504000000000001, 1, 1, 0.504, 2, 0, 0.788, 2, 1, 0.84, 3, 0, 0.596, 3, 1, 0.592 ],
					"live.gain~" : [ -23.496641963872172 ],
					"HL-voice::global-amplitude" : [ 3.0 ],
					"HL-voice::HL-envelope::envelope" : [ 1.0, 0.0, 1.0, 0.0, 0.0, 0, 0.0, 0.013745704467354, 1.0, 2, -0.6, 1.0, 0.0, 0, 0.695, "curve" ],
					"HL-voice::HL-sequence::octave-select" : [ 3 ],
					"HL-voice::HL-sequence::sequence" : [ 11, 10, 9, -1, -1, -1, -1, -1, 12, 10, 9, -1, -1, -1, -1, -1, 11, 10, 9, -1, -1, -1, -1, -1, 13, -1, 13, -1, 13, 10, 11, -1 ],
					"HL-voice::HL-sequence::sequence-length" : [ 32 ],
					"HL-voice::HL-sequence::sustain" : [ 0, 0, 1.0, 1, 0, 2.0, 2, 0, 3.0, 3, 0, 0.0, 4, 0, 0.0, 5, 0, 0.0, 6, 0, 0.0, 7, 0, 0.0, 8, 0, 1.0, 9, 0, 2.0, 10, 0, 3.0, 11, 0, 0.0, 12, 0, 0.0, 13, 0, 0.0, 14, 0, 0.0, 15, 0, 0.0, 16, 0, 1.0, 17, 0, 2.0, 18, 0, 3.0, 19, 0, 0.0, 20, 0, 0.0, 21, 0, 0.0, 22, 0, 0.0, 23, 0, 0.0, 24, 0, 0.0, 25, 0, 0.0, 26, 0, 0.0, 27, 0, 0.0, 28, 0, 1.0, 29, 0, 2.0, 30, 0, 3.0, 31, 0, 0.0 ],
					"HL-voice::filterselect~::on" : [ 1 ],
					"HL-voice::filterselect~::type" : [ 0 ],
					"HL-voice::waveselect~::waveselect" : [ 4 ],
					"HL-voice[1]::global-amplitude" : [ 3.0 ],
					"HL-voice[1]::HL-envelope::envelope" : [ 1.0, 0.0, 1.0, 0.0, 0.0, 0, 0.0, 0.176975945017182, 1.0, 2, -0.4, 1.0, 0.0, 0, -0.5, "curve" ],
					"HL-voice[1]::HL-sequence::octave-select" : [ 4 ],
					"HL-voice[1]::HL-sequence::sequence" : [ 7, 7, 7, 7, 7, 7, 7, 7, 4, 4, 4, 3, 3, 3, 4, 4, 8, 8, 8, 8, 8, 8, 8, 8, 4, 4, 4, 4, 4, 4, 4, 4 ],
					"HL-voice[1]::HL-sequence::sequence-length" : [ 32 ],
					"HL-voice[1]::HL-sequence::sustain" : [ 0, 0, 1.0, 1, 0, 2.0, 2, 0, 2.0, 3, 0, 2.0, 4, 0, 2.0, 5, 0, 2.0, 6, 0, 2.0, 7, 0, 2.0, 8, 0, 1.0, 9, 0, 2.0, 10, 0, 2.0, 11, 0, 2.0, 12, 0, 2.0, 13, 0, 2.0, 14, 0, 2.0, 15, 0, 2.0, 16, 0, 1.0, 17, 0, 2.0, 18, 0, 2.0, 19, 0, 2.0, 20, 0, 2.0, 21, 0, 2.0, 22, 0, 2.0, 23, 0, 2.0, 24, 0, 1.0, 25, 0, 2.0, 26, 0, 2.0, 27, 0, 3.0, 28, 0, 1.0, 29, 0, 2.0, 30, 0, 2.0, 31, 0, 3.0 ],
					"HL-voice[1]::filterselect~::on" : [ 1 ],
					"HL-voice[1]::filterselect~::type" : [ 1 ],
					"HL-voice[1]::waveselect~::waveselect" : [ 6 ],
					"HL-voice[2]::global-amplitude" : [ 2.0 ],
					"HL-voice[2]::HL-envelope::envelope" : [ 1.0, 0.0, 1.0, 0.0, 0.0, 0, 0.0, 0.012027491408935, 0.911312017073998, 2, -0.6, 1.0, 0.0, 0, 0.2, "curve" ],
					"HL-voice[2]::HL-sequence::octave-select" : [ 2 ],
					"HL-voice[2]::HL-sequence::sequence" : [ 7, 7, 7, 7, 8, 8, 8, 8, 5, 5, 5, 5, 9, 9, 9, 9, -1, -1, -1, -1, -1, -1, -1, -1, -1, -1, -1, -1, -1, -1, -1, -1 ],
					"HL-voice[2]::HL-sequence::sequence-length" : [ 16 ],
					"HL-voice[2]::HL-sequence::sustain" : [ 0, 0, 1.0, 1, 0, 0.0, 2, 0, 0.0, 3, 0, 3.0, 4, 0, 1.0, 5, 0, 0.0, 6, 0, 0.0, 7, 0, 3.0, 8, 0, 1.0, 9, 0, 0.0, 10, 0, 0.0, 11, 0, 3.0, 12, 0, 1.0, 13, 0, 0.0, 14, 0, 0.0, 15, 0, 3.0, 16, 0, 0.0, 17, 0, 0.0, 18, 0, 0.0, 19, 0, 0.0, 20, 0, 0.0, 21, 0, 0.0, 22, 0, 0.0, 23, 0, 0.0, 24, 0, 0.0, 25, 0, 0.0, 26, 0, 0.0, 27, 0, 0.0, 28, 0, 0.0, 29, 0, 0.0, 30, 0, 0.0, 31, 0, 0.0 ],
					"HL-voice[2]::filterselect~::on" : [ 1 ],
					"HL-voice[2]::filterselect~::type" : [ 0 ],
					"HL-voice[2]::waveselect~::waveselect" : [ 2 ]
				}

			}
,
			"3" : 			{
				"id" : 3,
				"data" : 				{
					"GlobalMixer" : [ 0, 0, 1.0, 0, 1, 1.0, 1, 0, 0.504000000000001, 1, 1, 0.492, 2, 0, 0.788, 2, 1, 0.84, 3, 0, 0.596, 3, 1, 0.592 ],
					"live.gain~" : [ -24.62216303844373 ],
					"HL-voice::global-amplitude" : [ 3.0 ],
					"HL-voice::HL-envelope::envelope" : [ 1.0, 0.0, 1.0, 0.0, 0.0, 0, 0.0, 0.013745704467354, 1.0, 2, -0.6, 1.0, 0.0, 0, 0.695, "curve" ],
					"HL-voice::HL-sequence::octave-select" : [ 3 ],
					"HL-voice::HL-sequence::sequence" : [ 11, -1, 9, -1, -1, -1, -1, -1, 12, -1, -1, -1, -1, -1, -1, -1, 11, -1, 9, -1, -1, -1, -1, -1, 13, -1, 13, -1, 13, -1, 13, -1 ],
					"HL-voice::HL-sequence::sequence-length" : [ 32 ],
					"HL-voice::HL-sequence::sustain" : [ 0, 0, 0.0, 1, 0, 0.0, 2, 0, 0.0, 3, 0, 0.0, 4, 0, 0.0, 5, 0, 0.0, 6, 0, 0.0, 7, 0, 0.0, 8, 0, 0.0, 9, 0, 0.0, 10, 0, 0.0, 11, 0, 0.0, 12, 0, 0.0, 13, 0, 0.0, 14, 0, 0.0, 15, 0, 0.0, 16, 0, 0.0, 17, 0, 0.0, 18, 0, 0.0, 19, 0, 0.0, 20, 0, 0.0, 21, 0, 0.0, 22, 0, 0.0, 23, 0, 0.0, 24, 0, 0.0, 25, 0, 0.0, 26, 0, 0.0, 27, 0, 0.0, 28, 0, 0.0, 29, 0, 0.0, 30, 0, 0.0, 31, 0, 0.0 ],
					"HL-voice::filterselect~::on" : [ 1 ],
					"HL-voice::filterselect~::type" : [ 0 ],
					"HL-voice::waveselect~::waveselect" : [ 4 ],