{
	"pattrstorage" : 	{
		"name" : "music",
		"slots" : 		{
			"1" : 			{
				"id" : 1,
				"data" : 				{
					"GlobalMixer" : [  ],
					"HL-voice::HL-envelope::envelope" : [ 1.0, 0.0, 1.0, 0.0, 0.0, 0, 0.0, 0.011173184357542, 1.0, 2, -0.6, 1.0, 0.0, 0, -0.55, "curve" ],
					"HL-voice::HL-sequence::octave-select" : [ 5 ],
					"HL-voice::HL-sequence::sequence" : [ 7, 8, 7, 8, 7, 8, 8, 12, 11, 12, 11, 12, -1, 14, 15, 14, -1, -1, -1, -1, -1, -1, -1, -1, -1, -1, -1, -1, -1, -1, -1, -1 ],
					"HL-voice::HL-sequence::sequence-length" : [ 16 ],
					"HL-voice::HL-sequence::sustain" : [ 0, 0, 0.0, 1, 0, 0.0, 2, 0, 0.0, 3, 0, 0.0, 4, 0, 1.0, 5, 0, 3.0, 6, 0, 0.0, 7, 0, 0.0, 8, 0, 0.0, 9, 0, 0.0, 10, 0, 0.0, 11, 0, 0.0, 12, 0, 0.0, 13, 0, 1.0, 14, 0, 3.0, 15, 0, 0.0, 16, 0, 0.0, 17, 0, 0.0, 18, 0, 0.0, 19, 0, 0.0, 20, 0, 0.0, 21, 0, 0.0, 22, 0, 0.0, 23, 0, 0.0, 24, 0, 0.0, 25, 0, 0.0, 26, 0, 0.0, 27, 0, 0.0, 28, 0, 0.0, 29, 0, 0.0, 30, 0, 0.0, 31, 0, 0.0 ],
					"HL-voice::global-amplitude" : [  ],
					"HL-voice::osc~::oscillator" : [  ],
					"HL-voice::filterselect~::on" : [  ],
					"HL-voice::filterselect~::type" : [  ],
					"HL-voice[1]::HL-envelope::envelope" : [ 1.0, 0.0, 1.0, 0.0, 0.0, 0, 0.0, 0.140893470790378, 0.895927401689383, 2, -0.6, 1.0, 0.0, 0, -0.1, "curve" ],
					"HL-voice[1]::HL-sequence::octave-select" : [ 4 ],
					"HL-voice[1]::HL-sequence::sequence" : [ 2, 2, -1, -1, 1, 1, -1, -1, 2, 2, -1, -1, -1, -1, -1, -1, 2, 2, -1, -1, 1, 1, -1, -1, 2, 2, -1, -1, 1, 1, -1, -1 ],
					"HL-voice[1]::HL-sequence::sequence-length" : [ 32 ],
					"HL-voice[1]::HL-sequence::sustain" : [ 0, 0, 1.0, 1, 0, 3.0, 2, 0, 0.0, 3, 0, 0.0, 4, 0, 1.0, 5, 0, 3.0, 6, 0, 0.0, 7, 0, 0.0, 8, 0, 1.0, 9, 0, 3.0, 10, 0, 0.0, 11, 0, 0.0, 12, 0, 0.0, 13, 0, 0.0, 14, 0, 0.0, 15, 0, 0.0, 16, 0, 1.0, 17, 0, 3.0, 18, 0, 0.0, 19, 0, 0.0, 20, 0, 1.0, 21, 0, 3.0, 22, 0, 0.0, 23, 0, 0.0, 24, 0, 1.0, 25, 0, 3.0, 26, 0, 0.0, 27, 0, 0.0, 28, 0, 1.0, 29, 0, 3.0, 30, 0, 0.0, 31, 0, 0.0 ],
					"HL-voice[1]::global-amplitude" : [  ],
					"HL-voice[1]::osc~::oscillator" : [  ],
					"HL-voice[1]::filterselect~::on" : [  ],
					"HL-voice[1]::filterselect~::type" : [  ],
					"HL-voice[2]::HL-envelope::envelope" : [ 1.0, 0.0, 1.0, 0.0, 0.0, 0, 0.0, 0.012027491408935, 0.911312017073998, 2, -0.6, 1.0, 0.0, 0, -0.6, "curve" ],
					"HL-voice[2]::HL-sequence::octave-select" : [ 2 ],
					"HL-voice[2]::HL-sequence::sequence" : [ 0, 1, 0, 0, -1, 0, -1, 0, 3, 4, 3, 2, -1, 2, -1, 0, -1, -1, -1, -1, -1, -1, -1, -1, -1, -1, -1, -1, -1, -1, -1, -1 ],
					"HL-voice[2]::HL-sequence::sequence-length" : [ 16 ],
					"HL-voice[2]::HL-sequence::sustain" : [ 0, 0, 1.0, 1, 0, 2.0, 2, 0, 2.0, 3, 0, 3.0, 4, 0, 0.0, 5, 0, 0.0, 6, 0, 0.0, 7, 0, 0.0, 8, 0, 1.0, 9, 0, 2.0, 10, 0, 3.0, 11, 0, 0.0, 12, 0, 0.0, 13, 0, 0.0, 14, 0, 0.0, 15, 0, 0.0, 16, 0, 0.0, 17, 0, 0.0, 18, 0, 0.0, 19, 0, 0.0, 20, 0, 0.0, 21, 0, 0.0, 22, 0, 0.0, 23, 0, 0.0, 24, 0, 0.0, 25, 0, 0.0, 26, 0, 0.0, 27, 0, 0.0, 28, 0, 0.0, 29, 0, 0.0, 30, 0, 0.0, 31, 0, 0.0 ],
					"HL-voice[2]::global-amplitude" : [  ],
					"HL-voice[2]::osc~::oscillator" : [  ],
					"HL-voice[2]::filterselect~::on" : [  ],
					"HL-voice[2]::filterselect~::type" : [  ]
				}

			}
,
			"2" : 			{
				"id" : 2,
				"data" : 				{
					"GlobalMixer" : [  ],
					"HL-voice::HL-envelope::envelope" : [ 1.0, 0.0, 1.0, 0.0, 0.0, 0, 0.0, 0.011173184357542, 1.0, 2, -0.6, 1.0, 0.0, 0, -0.55, "curve" ],
					"HL-voice::HL-sequence::octave-select" : [ 5 ],
					"HL-voice::HL-sequence::sequence" : [ 7, 8, 7, 8, 7, 8, 8, 12, 11, 12, 11, 12, -1, 14, 15, 14, 15, 13, 13, -1, -1, 11, 12, 11, 11, -1, 12, 12, 13, 13, 14, 15 ],
					"HL-voice::HL-sequence::sequence-length" : [ 32 ],
					"HL-voice::HL-sequence::sustain" : [  ],
					"HL-voice::global-amplitude" : [  ],
					"HL-voice::osc~::oscillator" : [  ],
					"HL-voice::filterselect~::on" : [  ],
					"HL-voice::filterselect~::type" : [  ],
					"HL-voice[1]::HL-envelope::envelope" : [ 1.0, 0.0, 1.0, 0.0, 0.0, 0, 0.0, 0.140893470790378, 0.895927401689383, 2, -0.6, 1.0, 0.0, 0, -0.1, "curve" ],
					"HL-voice[1]::HL-sequence::octave-select" : [ 4 ],
					"HL-voice[1]::HL-sequence::sequence" : [ 2, 2, -1, -1, 4, 4, -1, -1, 5, 5, 4, 2, 2, -1, -1, -1, 2, 2, -1, -1, 1, 1, -1, -1, 2, 2, -1, -1, 1, 1, -1, -1 ],
					"HL-voice[1]::HL-sequence::sequence-length" : [ 32 ],
					"HL-voice[1]::HL-sequence::sustain" : [  ],
					"HL-voice[1]::global-amplitude" : [  ],
					"HL-voice[1]::osc~::oscillator" : [  ],
					"HL-voice[1]::filterselect~::on" : [  ],
					"HL-voice[1]::filterselect~::type" : [  ],
					"HL-voice[2]::HL-envelope::envelope" : [ 1.0, 0.0, 1.0, 0.0, 0.0, 0, 0.0, 0.012027491408935, 0.911312017073998, 2, -0.6, 1.0, 0.0, 0, -0.6, "curve" ],
					"HL-voice[2]::HL-sequence::octave-select" : [ 2 ],
					"HL-voice[2]::HL-sequence::sequence" : [ 0, 1, 0, 0, -1, 0, -1, 0, 3, 4, 3, 2, -1, 2, -1, 0, -1, -1, -1, -1, -1, -1, -1, -1, -1, -1, -1, -1, -1, -1, -1, -1 ],
					"HL-voice[2]::HL-sequence::sequence-length" : [ 16 ],
					"HL-voice[2]::HL-sequence::sustain" : [  ],
					"HL-voice[2]::global-amplitude" : [  ],
					"HL-voice[2]::osc~::oscillator" : [  ],
					"HL-voice[2]::filterselect~::on" : [  ],
					"HL-voice[2]::filterselect~::type" : [  ]
				}

			}
,
			"3" : 			{
				"id" : 3,
				"data" : 				{
					"GlobalMixer" : [  ],
					"HL-voice::HL-envelope::envelope" : [ 1.0, 0.0, 1.0, 0.0, 0.0, 0, 0.0, 0.010309278350515, 1.0, 2, -0.6, 1.0, 0.0, 0, -0.4, "curve" ],
					"HL-voice::HL-sequence::octave-select" : [ 2 ],
					"HL-voice::HL-sequence::sequence" : [ 15, 14, 15, 14, 15, 14, 15, 12, 14, 15, 14, 13, 14, 15, 13, 14, -1, -1, -1, -1, -1, -1, -1, -1, -1, -1, -1, -1, -1, -1, -1, -1 ],
					"HL-voice::HL-sequence::sequence-length" : [ 16 ],
					"HL-voice::HL-sequence::sustain" : [ 0, 0, 0.0, 1, 0, 0.0, 2, 0, 0.0, 3, 0, 0.0, 4, 0, 0.0, 5, 0, 0.0, 6, 0, 1.0, 7, 0, 3.0, 8, 0, 0.0, 9, 0, 0.0, 10, 0, 0.0, 11, 0, 0.0, 12, 0, 0.0, 13, 0, 1.0, 14, 0, 3.0, 15, 0, 0.0, 16, 0, 0.0, 17, 0, 0.0, 18, 0, 0.0, 19, 0, 0.0, 20, 0, 0.0, 21, 0, 0.0, 22, 0, 0.0, 23, 0, 0.0, 24, 0, 0.0, 25, 0, 0.0, 26, 0, 0.0, 27, 0, 0.0, 28, 0, 0.0, 29, 0, 0.0, 30, 0, 0.0, 31, 0, 0.0 ],
					"HL-voice::global-amplitude" : [  ],
					"HL-voice::osc~::oscillator" : [  ],
					"HL-voice::filterselect~::on" : [  ],
					"HL-voice::filterselect~::type" : [  ],
					"HL-voice[1]::HL-envelope::envelope" : [ 1.0, 0.0, 1.0, 0.0, 0.0, 0, 0.0, 0.140893470790378, 0.895927401689383, 2, -0.6, 1.0, 0.0, 0, -0.1, "curve" ],
					"HL-voice[1]::HL-sequence::octave-select" : [ 4 ],
					"HL-voice[1]::HL-sequence::sequence" : [ 4, 4, 4, 6, 7, 7, 5, 5, 7, 7, 9, 9, 11, 11, 11, 10, 8, 8, 8, 8, 8, 8, 9, 9, 7, 7, 7, 7, 7, 7, 8, 8 ],
					"HL-voice[1]::HL-sequence::sequence-length" : [ 32 ],
					"HL-voice[1]::HL-sequence::sustain" : [ 0, 0, 1.0, 1, 0, 2.0, 2, 0, 2.0, 3, 0, 2.0, 4, 0, 2.0, 5, 0, 2.0, 6, 0, 2.0, 7, 0, 2.0, 8, 0, 2.0, 9, 0, 2.0, 10, 0, 2.0, 11, 0, 2.0, 12, 0, 2.0, 13, 0, 2.0, 14, 0, 2.0, 15, 0, 2.0, 16, 0, 1.0, 17, 0, 2.0, 18, 0, 2.0, 19, 0, 2.0, 20, 0, 2.0, 21, 0, 2.0, 22, 0, 2.0, 23, 0, 2.0, 24, 0, 1.0, 25, 0, 2.0, 26, 0, 2.0, 27, 0, 2.0, 28, 0, 2.0, 29, 0, 2.0, 30, 0, 2.0, 31, 0, 3.0 ],
					"HL-voice[1]::global-amplitude" : [  ],
					"HL-voice[1]::osc~::oscillator" : [  ],
					"HL-voice[1]::filterselect~::on" : [  ],
					"HL-voice[1]::filterselect~::type" : [  ],
					"HL-voice[2]::HL-envelope::envelope" : [ 1.0, 0.0, 1.0, 0.0, 0.0, 0, 0.0, 0.012027491408935, 0.911312017073998, 2, -0.6, 1.0, 0.0, 0, 0.2, "curve" ],
					"HL-voice[2]::HL-sequence::octave-select" : [ 2 ],
					"HL-voice[2]::HL-sequence::sequence" : [ 0, 0, 0, 0, 0, 0, 0, 0, 3, 3, 3, 3, 3, 3, 3, 3, 4, 4, 4, 4, 4, 4, 4, 4, 1, 1, 1, 1, 1, 1, 2, 2 ],
					"HL-voice[2]::HL-sequence::sequence-length" : [ 32 ],